CHROM	POS	SVTYPE	SVLEN	P15_DR	P15_DV	P15_AF	P30_DR	P30_DV	P30_AF	P50_DR	P50_DV	P50_AF	diff
DQ657948.1	1210	INS	12	246	246	0.5	0	0	0.0	0	0	0.0	
DQ657948.1	11375	INS	31	317	417	0.5681198910081744	0	0	0.0	0	0	0.0	10165.0
DQ657948.1	14453	INS	25	302	360	0.5438066465256798	0	0	0.0	0	0	0.0	3069.0
DQ657948.1	16096	DEL	-22	444	254	0.3638968481375358	0	0	0.0	0	0	0.0	1643.0
DQ657948.1	19040	DEL	-97	0	0	0.0	2208	83	0.03622872108249672	0	0	0.0	2944.0
DQ657948.1	20845	DEL	-10	535	68	0.11276948590381426	0	0	0.0	0	0	0.0	1805.0
DQ657948.1	22398	INS	12	152	250	0.6218905472636815	0	0	0.0	0	0	0.0	1553.0
DQ657948.1	22620	INS	48	209	180	0.46272493573264784	397	780	0.6627017841971113	0	0	0.0	222.0
DQ657948.1	29470	INS	11	0	0	0.0	0	0	0.0	1250	142	0.10201149425287356	6850.0
DQ657948.1	29505	INS	14	372	19	0.04859335038363171	0	0	0.0	0	0	0.0	32.0
DQ657948.1	31256	DEL	-27	192	216	0.5294117647058824	550	644	0.5393634840871022	0	0	0.0	1751.0
DQ657948.1	32540	DEL	-19	262	171	0.394919168591224	708	451	0.38912855910267474	0	0	0.0	1284.0
DQ657948.1	37879	INS	80	343	54	0.13602015113350127	0	0	0.0	1149	130	0.1016419077404222	5339.0
DQ657948.1	47131	INS	18	194	179	0.47989276139410186	0	0	0.0	804	472	0.36990595611285265	9252.0
DQ657948.1	49268	DEL	-75	173	189	0.5220994475138122	21	1069	0.9807339449541285	475	784	0.6227164416203336	2137.0
DQ657948.1	49311	DEL	-80	0	0	0.0	1077	16	0.01463860933211345	0	0	0.0	43.0
DQ657948.1	53453	INS	38	188	178	0.48633879781420764	791	303	0.27696526508226693	556	680	0.5501618122977346	4142.0
DQ657948.1	59928	INS	10	177	185	0.511049723756906	0	0	0.0	0	0	0.0	6475.0
DQ657948.1	60281	DEL	-25	168	203	0.5471698113207547	541	520	0.49010367577756836	138	1032	0.882051282051282	353.0
DQ657948.1	69696	INS	27	166	151	0.47634069400630913	259	796	0.7545023696682465	49	1032	0.9546716003700277	9415.0
DQ657948.1	76048	DEL	-66	193	164	0.45938375350140054	215	810	0.7902439024390244	718	361	0.3345690454124189	6335.0
DQ657948.1	83046	INS	39	203	133	0.3958333333333333	415	582	0.5837512537612839	0	0	0.0	6982.0
DQ657948.1	83107	INS	12	322	13	0.03880597014925373	0	0	0.0	0	0	0.0	61.0
DQ657948.1	90594	INS	25	162	140	0.46357615894039733	473	415	0.46734234234234234	0	0	0.0	7487.0
DQ657948.1	90695	DEL	-15	159	140	0.4682274247491639	222	671	0.7513997760358343	0	0	0.0	101.0
DQ657948.1	90974	INS	78	0	0	0.0	759	136	0.15195530726256984	0	0	0.0	279.0
DQ657948.1	91042	INS	79	273	30	0.09900990099009901	0	0	0.0	0	0	0.0	68.0
DQ657948.1	91118	INS	52	0	0	0.0	886	28	0.030634573304157548	0	0	0.0	76.0
DQ657948.1	91154	INS	84	204	105	0.33980582524271846	0	0	0.0	0	0	0.0	36.0
DQ657948.1	91622	DEL	-10	188	129	0.4069400630914827	353	574	0.6192017259978425	0	0	0.0	468.0
DQ657948.1	95731	DEL	-11	147	153	0.51	0	0	0.0	0	0	0.0	4109.0
DQ657948.1	102486	DEL	-12	0	0	0.0	540	336	0.3835616438356164	0	0	0.0	6755.0
DQ657948.1	120042	INS	18	244	47	0.16151202749140894	590	336	0.36285097192224625	688	261	0.27502634351949423	17556.0
DQ657948.1	131013	DEL	-33	151	177	0.5396341463414634	25	988	0.9753208292201382	0	0	0.0	10955.0
DQ657948.1	133271	DEL	-12	0	0	0.0	96	894	0.9030303030303031	0	0	0.0	2258.0
DQ657948.1	143509	DEL	-24	183	110	0.37542662116040953	915	106	0.10381978452497552	0	0	0.0	10238.0
DQ657948.1	155446	DEL	-33	146	206	0.5852272727272727	145	867	0.8567193675889329	0	0	0.0	11937.0
DQ657948.1	165060	INS	18	178	153	0.4622356495468278	243	668	0.7332601536772777	0	0	0.0	9614.0
DQ657948.1	177568	DEL	-36	291	33	0.10185185185185185	379	560	0.5963791267305645	0	0	0.0	12487.0
DQ657948.1	178820	DEL	-12	149	173	0.5372670807453416	0	0	0.0	0	0	0.0	1244.0
DQ657948.1	186552	DEL	-11	148	195	0.5685131195335277	0	0	0.0	0	0	0.0	7732.0
DQ657948.1	188010	DEL	-24	147	194	0.5689149560117303	97	884	0.9011213047910296	0	0	0.0	1458.0
DQ657948.1	188695	INS	24	180	175	0.49295774647887325	186	811	0.8134403209628887	629	468	0.4266180492251595	685.0
DQ657948.1	192550	INS	24	171	167	0.4940828402366864	0	0	0.0	493	558	0.5309229305423406	3855.0
DQ657948.1	203513	DEL	-22	190	170	0.4722222222222222	236	800	0.7722007722007722	0	0	0.0	10963.0
DQ657948.1	210810	DEL	-18	176	160	0.47619047619047616	192	893	0.8230414746543778	0	0	0.0	7283.0
DQ657948.1	216443	INS	90	178	168	0.48554913294797686	0	0	0.0	0	0	0.0	5627.0
DQ657948.1	216552	INS	79	325	20	0.057971014492753624	0	0	0.0	0	0	0.0	109.0
DQ657948.1	218453	DEL	-18	325	38	0.1046831955922865	0	0	0.0	0	0	0.0	1901.0
DQ657948.1	228198	INS	74	173	211	0.5494791666666666	0	1151	1.0	0	0	0.0	9738.0
DQ657948.1	228273	INS	50	0	0	0.0	0	0	0.0	1225	12	0.009700889248181084	56.0
DQ657948.1	229930	DEL	-26	0	0	0.0	1106	44	0.03826086956521739	0	0	0.0	1657.0
DQ657948.1	230496	INS	15	193	194	0.5012919896640827	120	1049	0.8973481608212147	356	935	0.7242447714949651	557.0
DQ657948.1	231446	INS	12	185	202	0.5219638242894057	115	1064	0.9024597116200169	40	1256	0.9691358024691358	950.0
DQ657948.1	240001	DEL	-21	264	143	0.35135135135135137	369	799	0.6840753424657534	0	0	0.0	8555.0
DQ657948.1	249095	INS	10	238	171	0.4180929095354523	0	0	0.0	856	432	0.33540372670807456	9069.0
DQ657948.1	254131	DEL	-18	198	222	0.5285714285714286	0	0	0.0	0	0	0.0	5036.0
DQ657948.1	256462	INS	39	206	233	0.530751708428246	48	1195	0.9613837489943685	0	1501	1.0	2331.0
DQ657948.1	265177	INS	12	29	376	0.928395061728395	0	0	0.0	0	0	0.0	8715.0
DQ657948.1	270645	DEL	-15	211	163	0.4358288770053476	0	0	0.0	0	0	0.0	5468.0
DQ657948.1	270719	INS	34	305	67	0.18010752688172044	1032	288	0.21818181818181817	0	0	0.0	74.0
DQ657948.1	270829	INS	19	221	157	0.41534391534391535	0	0	0.0	0	0	0.0	110.0
DQ657948.1	271616	INS	12	184	182	0.4972677595628415	0	0	0.0	0	0	0.0	787.0
DQ657948.1	272012	DEL	-24	187	176	0.48484848484848486	178	1155	0.8664666166541636	0	0	0.0	396.0
